domain,ap,auc,acc_0.5,r_acc_0.5,f_acc_0.5,prec_0.5,rec_0.5,mcc_0.5,acc_best,r_acc_best,f_acc_best,prec_best,rec_best,mcc_best,best_threshold
custom,90.51478561571702,90.91169999999998,77.60000000000001,93.4,61.8,0.9035087719298246,0.618,0.5818125463289266,83.0,77.4,88.6,0.7967625899280576,0.886,0.6641788762244613,0.09982813894748688
