domain,ap,auc,acc_0.5,r_acc_0.5,f_acc_0.5,prec_0.5,rec_0.5,mcc_0.5,acc_best,r_acc_best,f_acc_best,prec_best,rec_best,mcc_best,best_threshold
custom,68.23001861527345,68.06689999999999,59.5,91.10000000000001,27.900000000000002,0.7581521739130435,0.279,0.24517129127017728,63.24999999999999,66.7,59.8,0.6423200859291085,0.598,0.2656330940195128,0.09591931104660034
