domain,ap,auc,acc_0.5,r_acc_0.5,f_acc_0.5,prec_0.5,rec_0.5,mcc_0.5,acc_best,r_acc_best,f_acc_best,prec_best,rec_best,mcc_best,best_threshold
custom,55.60680839847746,54.51429999999999,53.349999999999994,45.0,61.7,0.5287060839760068,0.617,0.06795428917668778,53.849999999999994,49.9,57.8,0.535681186283596,0.578,0.07724140906500347,0.5620861649513245
