domain,ap,auc,acc_0.5,r_acc_0.5,f_acc_0.5,prec_0.5,rec_0.5,mcc_0.5,acc_best,r_acc_best,f_acc_best,prec_best,rec_best,mcc_best,best_threshold
custom,91.12925287671683,91.7214,79.3,93.7,64.9,0.9115168539325843,0.649,0.6119271010713714,84.39999999999999,87.4,81.39999999999999,0.8659574468085106,0.814,0.6892417537427404,0.25063976645469666
