domain,ap,auc,acc_0.5,r_acc_0.5,f_acc_0.5,prec_0.5,rec_0.5,mcc_0.5,acc_best,r_acc_best,f_acc_best,prec_best,rec_best,mcc_best,best_threshold
custom,93.44721998598207,93.47300000000001,75.35,98.1,52.6,0.9651376146788991,0.526,0.5693485402922568,85.6,84.6,86.6,0.8490196078431372,0.866,0.712142442734245,0.04808308556675911
