domain,ap,auc,acc_0.5,r_acc_0.5,f_acc_0.5,prec_0.5,rec_0.5,mcc_0.5,acc_best,r_acc_best,f_acc_best,prec_best,rec_best,mcc_best,best_threshold
custom,96.45061560123736,96.38719999999999,64.25,99.9,28.599999999999998,0.9965156794425087,0.286,0.40646694200862576,89.95,90.4,89.5,0.9031281533804238,0.895,0.7990323614659723,0.0029269654769450426
