domain,ap,auc,acc_0.5,r_acc_0.5,f_acc_0.5,prec_0.5,rec_0.5,mcc_0.5,acc_best,r_acc_best,f_acc_best,prec_best,rec_best,mcc_best,best_threshold
custom,93.4710734615029,93.6603,76.7,97.89999999999999,55.50000000000001,0.9635416666666666,0.555,0.5896238207535377,86.1,86.8,85.39999999999999,0.8661257606490872,0.854,0.7220707664028312,0.0823364183306694
