domain,ap,auc,acc_0.5,r_acc_0.5,f_acc_0.5,prec_0.5,rec_0.5,mcc_0.5,acc_best,r_acc_best,f_acc_best,prec_best,rec_best,mcc_best,best_threshold
custom,58.512328500987984,57.862100000000005,55.55,58.8,52.300000000000004,0.5593582887700534,0.523,0.11123523315806667,56.10000000000001,65.10000000000001,47.099999999999994,0.574390243902439,0.471,0.12402576110274233,0.5994001626968384
