domain,ap,auc,acc_0.5,r_acc_0.5,f_acc_0.5,prec_0.5,rec_0.5,mcc_0.5,acc_best,r_acc_best,f_acc_best,prec_best,rec_best,mcc_best,best_threshold
custom,93.67498753002141,93.94930000000001,80.0,96.3,63.7,0.9451038575667656,0.637,0.6346722940816788,87.0,84.8,89.2,0.8544061302681992,0.892,0.7407173617775101,0.09080091118812561
