domain,ap,auc,acc_0.5,r_acc_0.5,f_acc_0.5,prec_0.5,rec_0.5,mcc_0.5,acc_best,r_acc_best,f_acc_best,prec_best,rec_best,mcc_best,best_threshold
custom,52.925388682353244,51.539100000000005,50.1,32.0,68.2,0.5007342143906021,0.682,0.0021455127637580312,52.400000000000006,83.6,21.2,0.5638297872340425,0.212,0.0614262923604003,0.9639790058135986
