domain,ap,auc,acc_0.5,r_acc_0.5,f_acc_0.5,prec_0.5,rec_0.5,mcc_0.5,acc_best,r_acc_best,f_acc_best,prec_best,rec_best,mcc_best,best_threshold
custom,69.46963021313405,70.07240000000002,59.95,90.8,29.099999999999998,0.7597911227154047,0.291,0.2528707982234092,64.60000000000001,68.2,61.0,0.6573275862068966,0.61,0.2927598194575746,0.08927316963672638
