domain,ap,auc,acc_0.5,r_acc_0.5,f_acc_0.5,prec_0.5,rec_0.5,mcc_0.5,acc_best,r_acc_best,f_acc_best,prec_best,rec_best,mcc_best,best_threshold
custom,96.37981610304897,96.28609999999999,88.05,94.8,81.3,0.9398843930635838,0.813,0.768030862909362,89.7,89.8,89.60000000000001,0.8977955911823647,0.896,0.7940015880047641,0.2669331431388855
