domain,ap,auc,acc_0.5,r_acc_0.5,f_acc_0.5,prec_0.5,rec_0.5,mcc_0.5,acc_best,r_acc_best,f_acc_best,prec_best,rec_best,mcc_best,best_threshold
custom,84.5841667989865,84.607,74.5,87.3,61.7,0.8293010752688172,0.617,0.5068912477768809,76.9,72.39999999999999,81.39999999999999,0.7467889908256881,0.814,0.5401922268039268,0.18582086265087128
