domain,ap,auc,acc_0.5,r_acc_0.5,f_acc_0.5,prec_0.5,rec_0.5,mcc_0.5,acc_best,r_acc_best,f_acc_best,prec_best,rec_best,mcc_best,best_threshold
custom,87.93977285859702,88.95240000000001,65.64999999999999,97.6,33.7,0.9335180055401662,0.337,0.40691271418638525,81.3,77.60000000000001,85.0,0.7914338919925512,0.85,0.6277210596262899,0.029480766505002975
