domain,ap,auc,acc_0.5,r_acc_0.5,f_acc_0.5,prec_0.5,rec_0.5,mcc_0.5,acc_best,r_acc_best,f_acc_best,prec_best,rec_best,mcc_best,best_threshold
custom,97.26762124679217,97.2336,90.5,93.7,87.3,0.9326923076923077,0.873,0.8116639935365506,91.2,90.3,92.10000000000001,0.9047151277013753,0.921,0.8241335204463447,0.3373759984970093
