domain,ap,auc,acc_0.5,r_acc_0.5,f_acc_0.5,prec_0.5,rec_0.5,mcc_0.5,acc_best,r_acc_best,f_acc_best,prec_best,rec_best,mcc_best,best_threshold
custom,53.767750927491065,56.28559999999999,50.5,97.89999999999999,3.1,0.5961538461538461,0.031,0.03141983151876892,55.15,33.1,77.2,0.5357390700902152,0.772,0.11476232294049402,0.0006040126900188625
