domain,ap,auc,acc_0.5,r_acc_0.5,f_acc_0.5,prec_0.5,rec_0.5,mcc_0.5,acc_best,r_acc_best,f_acc_best,prec_best,rec_best,mcc_best,best_threshold
custom,93.32817637735118,93.6388,80.95,94.8,67.10000000000001,0.9280774550484094,0.671,0.6442079080377178,86.15,81.10000000000001,91.2,0.8283378746594006,0.912,0.7267161168740267,0.08722779154777527
