domain,ap,auc,acc_0.5,r_acc_0.5,f_acc_0.5,prec_0.5,rec_0.5,mcc_0.5,acc_best,r_acc_best,f_acc_best,prec_best,rec_best,mcc_best,best_threshold
custom,90.51816789516332,90.5434,75.4,95.89999999999999,54.900000000000006,0.9305084745762712,0.549,0.5569653147390189,82.19999999999999,82.1,82.3,0.8213572854291418,0.823,0.644001288003864,0.07723558694124222
