domain,ap,auc,acc_0.5,r_acc_0.5,f_acc_0.5,prec_0.5,rec_0.5,mcc_0.5,acc_best,r_acc_best,f_acc_best,prec_best,rec_best,mcc_best,best_threshold
custom,90.45092573577976,90.4112,55.05,99.9,10.2,0.9902912621359223,0.102,0.2284909987412537,82.75,82.89999999999999,82.6,0.8284854563691073,0.826,0.6550029475198957,0.001171950250864029
