domain,ap,auc,acc_0.5,r_acc_0.5,f_acc_0.5,prec_0.5,rec_0.5,mcc_0.5,acc_best,r_acc_best,f_acc_best,prec_best,rec_best,mcc_best,best_threshold
custom,57.541386874322086,56.3379,54.949999999999996,66.3,43.6,0.5640362225097024,0.436,0.10165369427139818,55.300000000000004,62.1,48.5,0.5613425925925926,0.485,0.10699409960379162,0.436367928981781
