domain,ap,auc,acc_0.5,r_acc_0.5,f_acc_0.5,prec_0.5,rec_0.5,mcc_0.5,acc_best,r_acc_best,f_acc_best,prec_best,rec_best,mcc_best,best_threshold
custom,93.42509090120872,93.7776,81.5,94.8,68.2,0.9291553133514986,0.682,0.6535452562094027,87.0,87.3,86.7,0.8722334004024145,0.867,0.7400133203596507,0.17517463862895966
