domain,ap,auc,acc_0.5,r_acc_0.5,f_acc_0.5,prec_0.5,rec_0.5,mcc_0.5,acc_best,r_acc_best,f_acc_best,prec_best,rec_best,mcc_best,best_threshold
custom,87.18857161962701,87.1101,67.4,97.6,37.2,0.9393939393939394,0.372,0.43664598286310546,78.55,83.3,73.8,0.8154696132596685,0.738,0.5735942103273379,0.05788865685462952
