domain,ap,auc,acc_0.5,r_acc_0.5,f_acc_0.5,prec_0.5,rec_0.5,mcc_0.5,acc_best,r_acc_best,f_acc_best,prec_best,rec_best,mcc_best,best_threshold
custom,77.78774842931652,77.68069999999999,51.4,99.9,2.9000000000000004,0.9666666666666667,0.029,0.1151766097705618,71.35000000000001,67.80000000000001,74.9,0.6993464052287581,0.749,0.42808033971454224,0.00027869577752426267
