domain,ap,auc,acc_0.5,r_acc_0.5,f_acc_0.5,prec_0.5,rec_0.5,mcc_0.5,acc_best,r_acc_best,f_acc_best,prec_best,rec_best,mcc_best,best_threshold
custom,84.91812075072929,84.91760000000001,74.9,85.5,64.3,0.815989847715736,0.643,0.5095829916221256,77.2,73.0,81.39999999999999,0.7509225092250923,0.814,0.5459294486674815,0.22610783576965332
