domain,ap,auc,acc_0.5,r_acc_0.5,f_acc_0.5,prec_0.5,rec_0.5,mcc_0.5,acc_best,r_acc_best,f_acc_best,prec_best,rec_best,mcc_best,best_threshold
custom,97.86939345760909,97.79719999999999,91.3,96.3,86.3,0.9588888888888889,0.863,0.8301612354041092,92.45,92.9,92.0,0.9283551967709385,0.92,0.8490343865889993,0.2907622456550598
