domain,ap,auc,acc_0.5,r_acc_0.5,f_acc_0.5,prec_0.5,rec_0.5,mcc_0.5,acc_best,r_acc_best,f_acc_best,prec_best,rec_best,mcc_best,best_threshold
custom,94.7696333137674,94.9333,81.10000000000001,97.2,65.0,0.9587020648967551,0.65,0.656991589836704,87.9,84.5,91.3,0.8548689138576779,0.913,0.7597585971705132,0.06954720616340637
