domain,ap,auc,acc_0.5,r_acc_0.5,f_acc_0.5,prec_0.5,rec_0.5,mcc_0.5,acc_best,r_acc_best,f_acc_best,prec_best,rec_best,mcc_best,best_threshold
custom,89.70586701702763,89.1472,80.4,85.5,75.3,0.8385300668151447,0.753,0.6111877113904062,81.55,82.8,80.30000000000001,0.8235897435897436,0.803,0.6311972799798085,0.4060254693031311
