domain,ap,auc,acc_0.5,r_acc_0.5,f_acc_0.5,prec_0.5,rec_0.5,mcc_0.5,acc_best,r_acc_best,f_acc_best,prec_best,rec_best,mcc_best,best_threshold
custom,94.4319417268124,94.6216,82.05,95.89999999999999,68.2,0.9432918395573997,0.682,0.6671038272248418,87.75,84.89999999999999,90.60000000000001,0.8571428571428571,0.906,0.7562294942826726,0.10431230068206787
