domain,ap,auc,acc_0.5,r_acc_0.5,f_acc_0.5,prec_0.5,rec_0.5,mcc_0.5,acc_best,r_acc_best,f_acc_best,prec_best,rec_best,mcc_best,best_threshold
custom,91.70659267560912,92.1043,78.25,94.8,61.7,0.922272047832586,0.617,0.5987511508834986,84.75,83.7,85.8,0.8403525954946132,0.858,0.6951532982052452,0.11248448491096497
