domain,ap,auc,acc_0.5,r_acc_0.5,f_acc_0.5,prec_0.5,rec_0.5,mcc_0.5,acc_best,r_acc_best,f_acc_best,prec_best,rec_best,mcc_best,best_threshold
custom,67.3498070010828,67.6471,59.4,89.2,29.599999999999998,0.7326732673267327,0.296,0.23412658106606862,63.24999999999999,71.5,55.00000000000001,0.6586826347305389,0.55,0.2686826812098867,0.1406523436307907
