domain,ap,auc,acc_0.5,r_acc_0.5,f_acc_0.5,prec_0.5,rec_0.5,mcc_0.5,acc_best,r_acc_best,f_acc_best,prec_best,rec_best,mcc_best,best_threshold
custom,91.37270854517587,91.8628,72.3,97.89999999999999,46.7,0.9569672131147541,0.467,0.5192171776610255,84.6,81.6,87.6,0.8264150943396227,0.876,0.6932489732412448,0.044272281229496
