domain,ap,auc,acc_0.5,r_acc_0.5,f_acc_0.5,prec_0.5,rec_0.5,mcc_0.5,acc_best,r_acc_best,f_acc_best,prec_best,rec_best,mcc_best,best_threshold
custom,84.06127560739051,84.3757,52.0,99.9,4.1000000000000005,0.9761904761904762,0.041,0.13948548036078925,75.94999999999999,69.69999999999999,82.19999999999999,0.7306666666666667,0.822,0.5231028306447705,0.00032580990227870643
