domain,ap,auc,acc_0.5,r_acc_0.5,f_acc_0.5,prec_0.5,rec_0.5,mcc_0.5,acc_best,r_acc_best,f_acc_best,prec_best,rec_best,mcc_best,best_threshold
custom,66.32148850845945,67.0318,62.35000000000001,75.7,49.0,0.6684856753069577,0.49,0.2563047521372613,62.849999999999994,73.3,52.400000000000006,0.6624525916561315,0.524,0.2628038547985594,0.42781123518943787
