domain,ap,auc,acc_0.5,r_acc_0.5,f_acc_0.5,prec_0.5,rec_0.5,mcc_0.5,acc_best,r_acc_best,f_acc_best,prec_best,rec_best,mcc_best,best_threshold
custom,52.533482468109625,51.339800000000004,51.4,54.2,48.6,0.5148305084745762,0.486,0.028044007532809157,52.05,83.5,20.599999999999998,0.555256064690027,0.206,0.052739542701699775,0.8865958452224731
