domain,ap,auc,acc_0.5,r_acc_0.5,f_acc_0.5,prec_0.5,rec_0.5,mcc_0.5,acc_best,r_acc_best,f_acc_best,prec_best,rec_best,mcc_best,best_threshold
custom,91.60574268325668,92.15449999999998,76.35,95.89999999999999,56.8,0.9326765188834154,0.568,0.5725829396616731,85.15,85.0,85.3,0.8504486540378864,0.853,0.7030031635213537,0.10653377324342728
