domain,ap,auc,acc_0.5,r_acc_0.5,f_acc_0.5,prec_0.5,rec_0.5,mcc_0.5,acc_best,r_acc_best,f_acc_best,prec_best,rec_best,mcc_best,best_threshold
custom,97.0964893155722,97.05150000000002,87.05000000000001,97.2,76.9,0.9648682559598495,0.769,0.7567566283976999,90.60000000000001,88.8,92.4,0.8918918918918919,0.924,0.8125266879960577,0.13183273375034332
