domain,ap,auc,acc_0.5,r_acc_0.5,f_acc_0.5,prec_0.5,rec_0.5,mcc_0.5,acc_best,r_acc_best,f_acc_best,prec_best,rec_best,mcc_best,best_threshold
custom,92.99263591300564,93.0519,77.5,97.2,57.8,0.9537953795379538,0.578,0.5984046925835302,85.3,83.2,87.4,0.8387715930902111,0.874,0.7066235170344057,0.062052011489868164
