domain,ap,auc,acc_0.5,r_acc_0.5,f_acc_0.5,prec_0.5,rec_0.5,mcc_0.5,acc_best,r_acc_best,f_acc_best,prec_best,rec_best,mcc_best,best_threshold
custom,59.095460718305674,58.1939,55.00000000000001,42.9,67.10000000000001,0.5402576489533011,0.671,0.10306343174924701,56.75,70.3,43.2,0.5925925925925926,0.432,0.14024817836330358,0.8286223411560059
