domain,ap,auc,acc_0.5,r_acc_0.5,f_acc_0.5,prec_0.5,rec_0.5,mcc_0.5,acc_best,r_acc_best,f_acc_best,prec_best,rec_best,mcc_best,best_threshold
custom,79.27082040809155,80.2319,69.25,87.3,51.2,0.8012519561815337,0.512,0.41283949470796527,72.95,71.5,74.4,0.7230320699708455,0.744,0.45919313132612494,0.17509712278842926
