domain,ap,auc,acc_0.5,r_acc_0.5,f_acc_0.5,prec_0.5,rec_0.5,mcc_0.5,acc_best,r_acc_best,f_acc_best,prec_best,rec_best,mcc_best,best_threshold
custom,95.78084705076168,95.66629999999999,85.8,94.8,76.8,0.9365853658536586,0.768,0.7278888930292091,88.14999999999999,83.6,92.7,0.84967919340055,0.927,0.76617895890051,0.11201727390289307
