domain,ap,auc,acc_0.5,r_acc_0.5,f_acc_0.5,prec_0.5,rec_0.5,mcc_0.5,acc_best,r_acc_best,f_acc_best,prec_best,rec_best,mcc_best,best_threshold
custom,93.3289062437002,93.5115,74.15,98.1,50.2,0.963531669865643,0.502,0.5502298942301641,86.3,84.8,87.8,0.8524271844660194,0.878,0.7263269206880223,0.04949457198381424
