domain,ap,auc,acc_0.5,r_acc_0.5,f_acc_0.5,prec_0.5,rec_0.5,mcc_0.5,acc_best,r_acc_best,f_acc_best,prec_best,rec_best,mcc_best,best_threshold
custom,80.2746672685192,79.96560000000001,69.89999999999999,85.5,54.300000000000004,0.7892441860465116,0.543,0.4189111649207886,72.85000000000001,71.7,74.0,0.7233626588465298,0.74,0.4571209244789025,0.20384939014911652
