domain,ap,auc,acc_0.5,r_acc_0.5,f_acc_0.5,prec_0.5,rec_0.5,mcc_0.5,acc_best,r_acc_best,f_acc_best,prec_best,rec_best,mcc_best,best_threshold
custom,93.89278308395954,94.0454,80.35,96.3,64.4,0.9456681350954479,0.644,0.6404610711264275,86.65,84.8,88.5,0.8534233365477338,0.885,0.7335022542484214,0.09111054986715317
