domain,ap,auc,acc_0.5,r_acc_0.5,f_acc_0.5,prec_0.5,rec_0.5,mcc_0.5,acc_best,r_acc_best,f_acc_best,prec_best,rec_best,mcc_best,best_threshold
custom,55.974241943556116,55.0381,53.25,56.3,50.2,0.5346112886048988,0.502,0.06512127104230073,53.900000000000006,67.2,40.6,0.553133514986376,0.406,0.08091512695925938,0.6582696437835693
