domain,ap,auc,acc_0.5,r_acc_0.5,f_acc_0.5,prec_0.5,rec_0.5,mcc_0.5,acc_best,r_acc_best,f_acc_best,prec_best,rec_best,mcc_best,best_threshold
custom,52.51984201269788,51.0626,50.24999999999999,48.8,51.7,0.5024295432458697,0.517,0.0050021038270819706,52.65,83.8,21.5,0.5702917771883289,0.215,0.06775571531216579,0.912676215171814
