domain,ap,auc,acc_0.5,r_acc_0.5,f_acc_0.5,prec_0.5,rec_0.5,mcc_0.5,acc_best,r_acc_best,f_acc_best,prec_best,rec_best,mcc_best,best_threshold
custom,53.633490967834,54.812000000000005,50.349999999999994,97.89999999999999,2.8000000000000003,0.5714285714285714,0.028,0.022639736366332933,54.55,46.0,63.1,0.5388556789069172,0.631,0.09236037328719611,0.001602809177711606
