domain,ap,auc,acc_0.5,r_acc_0.5,f_acc_0.5,prec_0.5,rec_0.5,mcc_0.5,acc_best,r_acc_best,f_acc_best,prec_best,rec_best,mcc_best,best_threshold
custom,63.74311301111872,64.44860000000001,59.4,54.50000000000001,64.3,0.5856102003642987,0.643,0.18890933117992706,61.0,63.2,58.8,0.6150627615062761,0.588,0.22021326971763816,0.6154938340187073
