domain,ap,auc,acc_0.5,r_acc_0.5,f_acc_0.5,prec_0.5,rec_0.5,mcc_0.5,acc_best,r_acc_best,f_acc_best,prec_best,rec_best,mcc_best,best_threshold
custom,52.475277478579486,50.427299999999995,49.1,35.099999999999994,63.1,0.49296875,0.631,-0.01875,52.7,82.1,23.3,0.5655339805825242,0.233,0.06676054951546942,0.9483925700187683
