domain,ap,auc,acc_0.5,r_acc_0.5,f_acc_0.5,prec_0.5,rec_0.5,mcc_0.5,acc_best,r_acc_best,f_acc_best,prec_best,rec_best,mcc_best,best_threshold
custom,78.09854834583753,79.37670000000001,61.35,94.8,27.900000000000002,0.8429003021148036,0.279,0.30541030869430885,72.55,69.3,75.8,0.711737089201878,0.758,0.45195576715574837,0.026424666866660118
