domain,ap,auc,acc_0.5,r_acc_0.5,f_acc_0.5,prec_0.5,rec_0.5,mcc_0.5,acc_best,r_acc_best,f_acc_best,prec_best,rec_best,mcc_best,best_threshold
custom,73.93641033005514,74.64919999999998,64.4,85.5,43.3,0.7491349480968859,0.433,0.3176718779085244,68.60000000000001,71.5,65.7,0.697452229299363,0.657,0.37262728708974346,0.2006872296333313
