domain,ap,auc,acc_0.5,r_acc_0.5,f_acc_0.5,prec_0.5,rec_0.5,mcc_0.5,acc_best,r_acc_best,f_acc_best,prec_best,rec_best,mcc_best,best_threshold
custom,84.7799705268375,84.8857,71.2,93.4,49.0,0.8812949640287769,0.49,0.4732001397161943,77.45,74.1,80.80000000000001,0.7572633552014996,0.808,0.5502363946925071,0.07395821809768677
