domain,ap,auc,acc_0.5,r_acc_0.5,f_acc_0.5,prec_0.5,rec_0.5,mcc_0.5,acc_best,r_acc_best,f_acc_best,prec_best,rec_best,mcc_best,best_threshold
custom,57.70530857694381,56.510299999999994,54.05,43.1,65.0,0.5332239540607056,0.65,0.08301520584710056,54.800000000000004,54.2,55.400000000000006,0.5474308300395256,0.554,0.0960069127465856,0.6619739532470703
