domain,ap,auc,acc_0.5,r_acc_0.5,f_acc_0.5,prec_0.5,rec_0.5,mcc_0.5,acc_best,r_acc_best,f_acc_best,prec_best,rec_best,mcc_best,best_threshold
custom,96.92278943740203,96.79429999999999,87.0,97.6,76.4,0.9695431472081218,0.764,0.7572116742979377,90.60000000000001,89.5,91.7,0.8972602739726028,0.917,0.8121965753597344,0.12168888747692108
