domain,ap,auc,acc_0.5,r_acc_0.5,f_acc_0.5,prec_0.5,rec_0.5,mcc_0.5,acc_best,r_acc_best,f_acc_best,prec_best,rec_best,mcc_best,best_threshold
custom,94.93889264293692,94.54750000000001,86.3,85.5,87.1,0.8572834645669292,0.871,0.7260929458459832,87.15,89.5,84.8,0.8898216159496327,0.848,0.743822005608765,0.5943434834480286
