domain,ap,auc,acc_0.5,r_acc_0.5,f_acc_0.5,prec_0.5,rec_0.5,mcc_0.5,acc_best,r_acc_best,f_acc_best,prec_best,rec_best,mcc_best,best_threshold
custom,93.42761000926019,93.6817,80.35,95.89999999999999,64.8,0.9404934687953556,0.648,0.6386717905759334,86.45,84.89999999999999,88.0,0.8535402521823472,0.88,0.7293505371699079,0.10304562747478485
