domain,ap,auc,acc_0.5,r_acc_0.5,f_acc_0.5,prec_0.5,rec_0.5,mcc_0.5,acc_best,r_acc_best,f_acc_best,prec_best,rec_best,mcc_best,best_threshold
custom,80.05276248606712,79.98910000000001,69.5,87.3,51.7,0.8027950310559007,0.517,0.41734174594480894,72.7,71.7,73.7,0.7225490196078431,0.737,0.4540908272490832,0.17647169530391693
