domain,ap,auc,acc_0.5,r_acc_0.5,f_acc_0.5,prec_0.5,rec_0.5,mcc_0.5,acc_best,r_acc_best,f_acc_best,prec_best,rec_best,mcc_best,best_threshold
custom,96.43669923628624,96.38040000000001,86.4,96.3,76.5,0.9538653366583542,0.765,0.7427040397290516,89.45,86.8,92.10000000000001,0.8746438746438746,0.921,0.7901104905744323,0.12096448242664337
