domain,ap,auc,acc_0.5,r_acc_0.5,f_acc_0.5,prec_0.5,rec_0.5,mcc_0.5,acc_best,r_acc_best,f_acc_best,prec_best,rec_best,mcc_best,best_threshold
custom,83.11901631145227,84.8899,51.5,99.9,3.1,0.96875,0.031,0.11954563369937593,76.85,74.1,79.60000000000001,0.7545023696682465,0.796,0.5378140598645956,0.0004985085688531399
