domain,ap,auc,acc_0.5,r_acc_0.5,f_acc_0.5,prec_0.5,rec_0.5,mcc_0.5,acc_best,r_acc_best,f_acc_best,prec_best,rec_best,mcc_best,best_threshold
custom,93.01765759887597,93.3499,77.05,97.2,56.89999999999999,0.9530988274706867,0.569,0.591127636492569,86.1,85.0,87.2,0.8532289628180039,0.872,0.7221747874504042,0.07443369925022125
