domain,ap,auc,acc_0.5,r_acc_0.5,f_acc_0.5,prec_0.5,rec_0.5,mcc_0.5,acc_best,r_acc_best,f_acc_best,prec_best,rec_best,mcc_best,best_threshold
custom,82.12544135168334,83.2082,51.349999999999994,99.9,2.8000000000000003,0.9655172413793104,0.028,0.11293315290069031,75.8,76.8,74.8,0.763265306122449,0.748,0.5161032309703236,0.000643411127384752
