domain,ap,auc,acc_0.5,r_acc_0.5,f_acc_0.5,prec_0.5,rec_0.5,mcc_0.5,acc_best,r_acc_best,f_acc_best,prec_best,rec_best,mcc_best,best_threshold
custom,81.65504908574816,82.67989999999999,51.800000000000004,99.9,3.6999999999999997,0.9736842105263158,0.037,0.13184425208671466,74.8,70.7,78.9,0.7292051756007394,0.789,0.4976760088646948,0.0003504370979499072
