domain,ap,auc,acc_0.5,r_acc_0.5,f_acc_0.5,prec_0.5,rec_0.5,mcc_0.5,acc_best,r_acc_best,f_acc_best,prec_best,rec_best,mcc_best,best_threshold
custom,67.68665961795438,67.7477,58.25,93.10000000000001,23.400000000000002,0.7722772277227723,0.234,0.2301026968958593,62.949999999999996,67.80000000000001,58.099999999999994,0.6434108527131783,0.581,0.2602271318848794,0.0727877989411354
