domain,ap,auc,acc_0.5,r_acc_0.5,f_acc_0.5,prec_0.5,rec_0.5,mcc_0.5,acc_best,r_acc_best,f_acc_best,prec_best,rec_best,mcc_best,best_threshold
custom,92.04360080192991,92.5638,76.4,96.3,56.49999999999999,0.9385382059800664,0.565,0.5755487184104512,85.35000000000001,84.0,86.7,0.8442064264849075,0.867,0.7072578424839454,0.08463963121175766
