domain,ap,auc,acc_0.5,r_acc_0.5,f_acc_0.5,prec_0.5,rec_0.5,mcc_0.5,acc_best,r_acc_best,f_acc_best,prec_best,rec_best,mcc_best,best_threshold
custom,84.2875103609256,84.56,63.5,97.89999999999999,29.099999999999998,0.9326923076923077,0.291,0.3720490894662392,76.64999999999999,78.9,74.4,0.7790575916230367,0.744,0.533540483497973,0.032674390822649
