domain,ap,auc,acc_0.5,r_acc_0.5,f_acc_0.5,prec_0.5,rec_0.5,mcc_0.5,acc_best,r_acc_best,f_acc_best,prec_best,rec_best,mcc_best,best_threshold
custom,91.51816353204136,91.6185,76.25,96.3,56.2,0.9382303839732888,0.562,0.5730952706778715,83.55,80.30000000000001,86.8,0.8150234741784037,0.868,0.6724219950366013,0.05677478387951851
