domain,ap,auc,acc_0.5,r_acc_0.5,f_acc_0.5,prec_0.5,rec_0.5,mcc_0.5,acc_best,r_acc_best,f_acc_best,prec_best,rec_best,mcc_best,best_threshold
custom,53.69969039616189,52.4178,51.5,50.4,52.6,0.5146771037181996,0.526,0.030007262636443387,53.300000000000004,64.4,42.199999999999996,0.5424164524421594,0.422,0.06768906795120112,0.6871996521949768
