domain,ap,auc,acc_0.5,r_acc_0.5,f_acc_0.5,prec_0.5,rec_0.5,mcc_0.5,acc_best,r_acc_best,f_acc_best,prec_best,rec_best,mcc_best,best_threshold
custom,63.93554944586551,64.62950000000001,59.95,58.199999999999996,61.7,0.5961352657004831,0.617,0.19912199959858043,61.150000000000006,63.5,58.8,0.6169989506820567,0.588,0.22324671231595503,0.5616825819015503
