domain,ap,auc,acc_0.5,r_acc_0.5,f_acc_0.5,prec_0.5,rec_0.5,mcc_0.5,acc_best,r_acc_best,f_acc_best,prec_best,rec_best,mcc_best,best_threshold
custom,82.69439817720989,83.0765,60.75000000000001,98.1,23.400000000000002,0.924901185770751,0.234,0.32339384269596005,75.5,73.9,77.10000000000001,0.747093023255814,0.771,0.510261320711441,0.016922010108828545
