domain,ap,auc,acc_0.5,r_acc_0.5,f_acc_0.5,prec_0.5,rec_0.5,mcc_0.5,acc_best,r_acc_best,f_acc_best,prec_best,rec_best,mcc_best,best_threshold
custom,89.97461082110414,89.42169999999999,80.65,87.3,74.0,0.8535178777393311,0.74,0.6184946835091272,81.89999999999999,83.1,80.7,0.826844262295082,0.807,0.6381838234155284,0.3698130249977112
