domain,ap,auc,acc_0.5,r_acc_0.5,f_acc_0.5,prec_0.5,rec_0.5,mcc_0.5,acc_best,r_acc_best,f_acc_best,prec_best,rec_best,mcc_best,best_threshold
custom,98.32153332313773,98.24769999999998,91.75,97.2,86.3,0.9685746352413019,0.863,0.8400049598660808,93.65,94.8,92.5,0.946775844421699,0.925,0.8732310001533521,0.30616557598114014
