domain,ap,auc,acc_0.5,r_acc_0.5,f_acc_0.5,prec_0.5,rec_0.5,mcc_0.5,acc_best,r_acc_best,f_acc_best,prec_best,rec_best,mcc_best,best_threshold
custom,68.59254398299053,68.70009999999999,60.3,89.8,30.8,0.751219512195122,0.308,0.2551389299974534,63.800000000000004,72.2,55.400000000000006,0.6658653846153846,0.554,0.27997934780076555,0.15062302350997925
