domain,ap,auc,acc_0.5,r_acc_0.5,f_acc_0.5,prec_0.5,rec_0.5,mcc_0.5,acc_best,r_acc_best,f_acc_best,prec_best,rec_best,mcc_best,best_threshold
custom,79.88848330717818,79.8115,69.65,85.5,53.800000000000004,0.787701317715959,0.538,0.41437095955442266,72.55,68.2,76.9,0.7074517019319227,0.769,0.45271656015254996,0.16935472190380096
