domain,ap,auc,acc_0.5,r_acc_0.5,f_acc_0.5,prec_0.5,rec_0.5,mcc_0.5,acc_best,r_acc_best,f_acc_best,prec_best,rec_best,mcc_best,best_threshold
custom,83.24552066623195,83.6296,63.4,97.2,29.599999999999998,0.9135802469135802,0.296,0.3636849100664901,76.14999999999999,71.6,80.7,0.7396883593033914,0.807,0.5251790242529053,0.018822919577360153
