domain,ap,auc,acc_0.5,r_acc_0.5,f_acc_0.5,prec_0.5,rec_0.5,mcc_0.5,acc_best,r_acc_best,f_acc_best,prec_best,rec_best,mcc_best,best_threshold
custom,90.78835627211559,91.03649999999999,79.10000000000001,93.4,64.8,0.907563025210084,0.648,0.6073700805368725,83.15,77.4,88.9,0.7973094170403587,0.889,0.6674280570176594,0.0984775573015213
