domain,ap,auc,acc_0.5,r_acc_0.5,f_acc_0.5,prec_0.5,rec_0.5,mcc_0.5,acc_best,r_acc_best,f_acc_best,prec_best,rec_best,mcc_best,best_threshold
custom,86.25821696836304,86.60409999999999,53.2,99.9,6.5,0.9848484848484849,0.065,0.17913472087123805,79.10000000000001,77.60000000000001,80.60000000000001,0.7825242718446602,0.806,0.5822620769151914,0.0006895927945151925
