domain,ap,auc,acc_0.5,r_acc_0.5,f_acc_0.5,prec_0.5,rec_0.5,mcc_0.5,acc_best,r_acc_best,f_acc_best,prec_best,rec_best,mcc_best,best_threshold
custom,56.9462515307249,55.7701,54.0,43.2,64.8,0.5328947368421053,0.648,0.08193419066805778,54.949999999999996,53.1,56.8,0.5477338476374156,0.568,0.09906783515769949,0.6375873684883118
