domain,ap,auc,acc_0.5,r_acc_0.5,f_acc_0.5,prec_0.5,rec_0.5,mcc_0.5,acc_best,r_acc_best,f_acc_best,prec_best,rec_best,mcc_best,best_threshold
custom,79.27991255792966,80.2189,69.69999999999999,85.5,53.900000000000006,0.7880116959064327,0.539,0.4152792450246325,72.89999999999999,72.3,73.5,0.7262845849802372,0.735,0.4580329795618354,0.21308055520057678
