domain,ap,auc,acc_0.5,r_acc_0.5,f_acc_0.5,prec_0.5,rec_0.5,mcc_0.5,acc_best,r_acc_best,f_acc_best,prec_best,rec_best,mcc_best,best_threshold
custom,52.30125499510553,50.7962,49.95,46.1,53.800000000000004,0.49953574744661094,0.538,-0.0010029777478620784,52.7,84.0,21.4,0.5721925133689839,0.214,0.0692464778072849,0.9254719018936157
