domain,ap,auc,acc_0.5,r_acc_0.5,f_acc_0.5,prec_0.5,rec_0.5,mcc_0.5,acc_best,r_acc_best,f_acc_best,prec_best,rec_best,mcc_best,best_threshold
custom,95.43675435568579,95.35849999999999,87.35000000000001,93.4,81.3,0.9249146757679181,0.813,0.7525292029193613,89.0,89.2,88.8,0.891566265060241,0.888,0.780006240074881,0.30585846304893494
