domain,ap,auc,acc_0.5,r_acc_0.5,f_acc_0.5,prec_0.5,rec_0.5,mcc_0.5,acc_best,r_acc_best,f_acc_best,prec_best,rec_best,mcc_best,best_threshold
custom,95.01669556947418,94.6336,86.75,87.3,86.2,0.871587462082912,0.862,0.7350444715358325,87.15,89.8,84.5,0.8922914466737064,0.845,0.7440457471442372,0.5633971691131592
