domain,ap,auc,acc_0.5,r_acc_0.5,f_acc_0.5,prec_0.5,rec_0.5,mcc_0.5,acc_best,r_acc_best,f_acc_best,prec_best,rec_best,mcc_best,best_threshold
custom,87.37616006082912,88.33000000000001,73.45,93.4,53.5,0.8901830282861897,0.535,0.5114777540374844,80.7,79.10000000000001,82.3,0.7974806201550387,0.823,0.614314609640833,0.12004322558641434
