domain,ap,auc,acc_0.5,r_acc_0.5,f_acc_0.5,prec_0.5,rec_0.5,mcc_0.5,acc_best,r_acc_best,f_acc_best,prec_best,rec_best,mcc_best,best_threshold
custom,86.16284399327515,86.01350000000001,72.45,93.4,51.5,0.8864027538726333,0.515,0.49450088943601767,77.95,74.8,81.10000000000001,0.7629350893697083,0.811,0.5601126486745909,0.07842353731393814
