domain,ap,auc,acc_0.5,r_acc_0.5,f_acc_0.5,prec_0.5,rec_0.5,mcc_0.5,acc_best,r_acc_best,f_acc_best,prec_best,rec_best,mcc_best,best_threshold
custom,58.451314532833266,57.82079999999999,55.50000000000001,56.699999999999996,54.300000000000004,0.5563524590163934,0.543,0.11003169369233248,56.10000000000001,65.2,47.0,0.5745721271393643,0.47,0.12407218786671972,0.6348037719726562
