domain,ap,auc,acc_0.5,r_acc_0.5,f_acc_0.5,prec_0.5,rec_0.5,mcc_0.5,acc_best,r_acc_best,f_acc_best,prec_best,rec_best,mcc_best,best_threshold
custom,93.15927724858183,93.39209999999997,73.85000000000001,98.1,49.6,0.9631067961165048,0.496,0.5454457192578045,86.35000000000001,84.8,87.9,0.8525703200775946,0.879,0.7273495754767121,0.05080388858914375
