domain,ap,auc,acc_0.5,r_acc_0.5,f_acc_0.5,prec_0.5,rec_0.5,mcc_0.5,acc_best,r_acc_best,f_acc_best,prec_best,rec_best,mcc_best,best_threshold
custom,58.716853027324746,57.78099999999999,55.65,46.5,64.8,0.547759932375317,0.648,0.11494101897010899,56.3,60.8,51.800000000000004,0.5692307692307692,0.518,0.12651342114738803,0.6964492797851562
