domain,ap,auc,acc_0.5,r_acc_0.5,f_acc_0.5,prec_0.5,rec_0.5,mcc_0.5,acc_best,r_acc_best,f_acc_best,prec_best,rec_best,mcc_best,best_threshold
custom,57.38861363918909,56.775200000000005,51.849999999999994,97.2,6.5,0.6989247311827957,0.065,0.08785872636447961,55.7,72.3,39.1,0.5853293413173652,0.391,0.1208549679928716,0.014285142533481121
