domain,ap,auc,acc_0.5,r_acc_0.5,f_acc_0.5,prec_0.5,rec_0.5,mcc_0.5,acc_best,r_acc_best,f_acc_best,prec_best,rec_best,mcc_best,best_threshold
custom,91.79884315179356,92.21900000000001,70.89999999999999,98.1,43.7,0.9583333333333334,0.437,0.4981615596881698,85.15,84.5,85.8,0.8469891411648569,0.858,0.7030594110304542,0.04781240224838257
