domain,ap,auc,acc_0.5,r_acc_0.5,f_acc_0.5,prec_0.5,rec_0.5,mcc_0.5,acc_best,r_acc_best,f_acc_best,prec_best,rec_best,mcc_best,best_threshold
custom,94.34705846059558,94.55869999999999,81.89999999999999,96.3,67.5,0.9480337078651685,0.675,0.6662277994599572,88.14999999999999,86.8,89.5,0.8714703018500487,0.895,0.7632782656509907,0.12077121436595917
