domain,ap,auc,acc_0.5,r_acc_0.5,f_acc_0.5,prec_0.5,rec_0.5,mcc_0.5,acc_best,r_acc_best,f_acc_best,prec_best,rec_best,mcc_best,best_threshold
custom,51.62088568732628,50.276999999999994,49.45,31.8,67.10000000000001,0.4959349593495935,0.671,-0.011756868117286554,51.6,80.9,22.3,0.538647342995169,0.223,0.039491007737366614,0.9587440490722656
