domain,ap,auc,acc_0.5,r_acc_0.5,f_acc_0.5,prec_0.5,rec_0.5,mcc_0.5,acc_best,r_acc_best,f_acc_best,prec_best,rec_best,mcc_best,best_threshold
custom,91.26487057329456,91.2718,72.95,97.89999999999999,48.0,0.9580838323353293,0.48,0.5296549143307726,83.0,83.89999999999999,82.1,0.8360488798370672,0.821,0.660106945988577,0.05894050747156143
