domain,ap,auc,acc_0.5,r_acc_0.5,f_acc_0.5,prec_0.5,rec_0.5,mcc_0.5,acc_best,r_acc_best,f_acc_best,prec_best,rec_best,mcc_best,best_threshold
custom,90.85862522488722,91.16250000000001,78.4,93.7,63.1,0.909221902017291,0.631,0.5966189068226776,83.1,86.5,79.7,0.8551502145922747,0.797,0.663535872462902,0.22965486347675323
