domain,ap,auc,acc_0.5,r_acc_0.5,f_acc_0.5,prec_0.5,rec_0.5,mcc_0.5,acc_best,r_acc_best,f_acc_best,prec_best,rec_best,mcc_best,best_threshold
custom,92.50578065359062,92.4941,73.95,98.1,49.8,0.9632495164410058,0.498,0.5470407342260275,84.75,84.5,85.0,0.845771144278607,0.85,0.695008687662894,0.04792886972427368
