domain,ap,auc,acc_0.5,r_acc_0.5,f_acc_0.5,prec_0.5,rec_0.5,mcc_0.5,acc_best,r_acc_best,f_acc_best,prec_best,rec_best,mcc_best,best_threshold
custom,81.2918606934088,82.07289999999998,62.5,96.3,28.7,0.8858024691358025,0.287,0.33925831162918857,75.0,72.1,77.9,0.7362948960302458,0.779,0.500843127808795,0.024289701133966446
