domain,ap,auc,acc_0.5,r_acc_0.5,f_acc_0.5,prec_0.5,rec_0.5,mcc_0.5,acc_best,r_acc_best,f_acc_best,prec_best,rec_best,mcc_best,best_threshold
custom,96.62215203131768,96.53819999999999,89.14999999999999,93.4,84.89999999999999,0.9278688524590164,0.849,0.7858440077795131,89.75,90.7,88.8,0.9051987767584098,0.888,0.7951435363636398,0.3742141127586365
