domain,ap,auc,acc_0.5,r_acc_0.5,f_acc_0.5,prec_0.5,rec_0.5,mcc_0.5,acc_best,r_acc_best,f_acc_best,prec_best,rec_best,mcc_best,best_threshold
custom,53.836500393053576,53.7832,50.8,97.89999999999999,3.6999999999999997,0.6379310344827587,0.037,0.047673975953742745,52.900000000000006,78.2,27.6,0.5587044534412956,0.276,0.06724376677022978,0.01681525446474552
