domain,ap,auc,acc_0.5,r_acc_0.5,f_acc_0.5,prec_0.5,rec_0.5,mcc_0.5,acc_best,r_acc_best,f_acc_best,prec_best,rec_best,mcc_best,best_threshold
custom,98.68490562372038,98.6402,92.80000000000001,97.89999999999999,87.7,0.9766146993318485,0.877,0.8604879620891246,93.85,94.19999999999999,93.5,0.9415911379657603,0.935,0.8770214872896611,0.2630261480808258
