domain,ap,auc,acc_0.5,r_acc_0.5,f_acc_0.5,prec_0.5,rec_0.5,mcc_0.5,acc_best,r_acc_best,f_acc_best,prec_best,rec_best,mcc_best,best_threshold
custom,96.50936362781533,96.42629999999998,86.95,95.89999999999999,78.0,0.9500609013398295,0.78,0.751131468927683,89.55,85.7,93.4,0.8672237697307336,0.934,0.793355398558904,0.11681858450174332
