domain,ap,auc,acc_0.5,r_acc_0.5,f_acc_0.5,prec_0.5,rec_0.5,mcc_0.5,acc_best,r_acc_best,f_acc_best,prec_best,rec_best,mcc_best,best_threshold
custom,93.55909916854687,93.6953,76.95,97.89999999999999,56.00000000000001,0.963855421686747,0.56,0.5936213349799856,85.55,82.5,88.6,0.8350612629594723,0.886,0.7123265186319356,0.05004708841443062
