domain,ap,auc,acc_0.5,r_acc_0.5,f_acc_0.5,prec_0.5,rec_0.5,mcc_0.5,acc_best,r_acc_best,f_acc_best,prec_best,rec_best,mcc_best,best_threshold
custom,88.01433302849921,87.9844,75.1,93.7,56.49999999999999,0.8996815286624203,0.565,0.5408126476039185,80.05,78.0,82.1,0.7886647454370798,0.821,0.6015057782493286,0.10730786621570587
