domain,ap,auc,acc_0.5,r_acc_0.5,f_acc_0.5,prec_0.5,rec_0.5,mcc_0.5,acc_best,r_acc_best,f_acc_best,prec_best,rec_best,mcc_best,best_threshold
custom,54.049268324483116,52.488299999999995,50.4,39.0,61.8,0.503257328990228,0.618,0.008216410963668788,54.05,74.5,33.6,0.5685279187817259,0.336,0.08876377867686888,0.8791528940200806
