domain,ap,auc,acc_0.5,r_acc_0.5,f_acc_0.5,prec_0.5,rec_0.5,mcc_0.5,acc_best,r_acc_best,f_acc_best,prec_best,rec_best,mcc_best,best_threshold
custom,86.2377639220903,86.2301,72.7,93.7,51.7,0.8913793103448275,0.517,0.5002621944886301,78.55,78.8,78.3,0.7869346733668342,0.783,0.5710071376338309,0.11292704939842224
