domain,ap,auc,acc_0.5,r_acc_0.5,f_acc_0.5,prec_0.5,rec_0.5,mcc_0.5,acc_best,r_acc_best,f_acc_best,prec_best,rec_best,mcc_best,best_threshold
custom,69.34631713385058,69.69999999999999,59.650000000000006,89.1,30.2,0.7347931873479319,0.302,0.23882206514882995,64.8,73.4,56.2,0.678743961352657,0.562,0.30047803938196577,0.14092493057250977
