domain,ap,auc,acc_0.5,r_acc_0.5,f_acc_0.5,prec_0.5,rec_0.5,mcc_0.5,acc_best,r_acc_best,f_acc_best,prec_best,rec_best,mcc_best,best_threshold
custom,98.17896558652922,98.13799999999999,90.35,97.89999999999999,82.8,0.9752650176678446,0.828,0.8163605841796706,92.5,92.9,92.10000000000001,0.9284274193548387,0.921,0.8500272013056696,0.20969943702220917
