domain,ap,auc,acc_0.5,r_acc_0.5,f_acc_0.5,prec_0.5,rec_0.5,mcc_0.5,acc_best,r_acc_best,f_acc_best,prec_best,rec_best,mcc_best,best_threshold
custom,94.21125647794756,94.46379999999999,81.95,95.89999999999999,68.0,0.9431345353675451,0.68,0.6654232230937428,88.14999999999999,85.2,91.10000000000001,0.8602455146364495,0.911,0.764331478668067,0.11245059967041016
