domain,ap,auc,acc_0.5,r_acc_0.5,f_acc_0.5,prec_0.5,rec_0.5,mcc_0.5,acc_best,r_acc_best,f_acc_best,prec_best,rec_best,mcc_best,best_threshold
custom,80.47655569190384,80.1805,69.8,87.3,52.300000000000004,0.8046153846153846,0.523,0.42273832604543005,73.15,72.3,74.0,0.727630285152409,0.74,0.4630669180048269,0.1849486529827118
