domain,ap,auc,acc_0.5,r_acc_0.5,f_acc_0.5,prec_0.5,rec_0.5,mcc_0.5,acc_best,r_acc_best,f_acc_best,prec_best,rec_best,mcc_best,best_threshold
custom,68.64361630365225,69.1771,54.05,97.89999999999999,10.2,0.8292682926829268,0.102,0.16857777865380708,64.25,65.9,62.6,0.6473629782833505,0.626,0.285155309360438,0.006443546153604984
