domain,ap,auc,acc_0.5,r_acc_0.5,f_acc_0.5,prec_0.5,rec_0.5,mcc_0.5,acc_best,r_acc_best,f_acc_best,prec_best,rec_best,mcc_best,best_threshold
custom,84.68424295731056,84.94940000000001,63.9,97.6,30.2,0.9263803680981595,0.302,0.3763208396440519,77.3,76.6,78.0,0.7692307692307693,0.78,0.5460535158669609,0.02698138915002346
