domain,ap,auc,acc_0.5,r_acc_0.5,f_acc_0.5,prec_0.5,rec_0.5,mcc_0.5,acc_best,r_acc_best,f_acc_best,prec_best,rec_best,mcc_best,best_threshold
custom,88.47608075467477,89.24730000000001,75.4,93.7,57.099999999999994,0.9006309148264984,0.571,0.5458756645873394,81.0,82.0,80.0,0.8163265306122449,0.8,0.6201240372124043,0.15930992364883423
