domain,ap,auc,acc_0.5,r_acc_0.5,f_acc_0.5,prec_0.5,rec_0.5,mcc_0.5,acc_best,r_acc_best,f_acc_best,prec_best,rec_best,mcc_best,best_threshold
custom,58.217706355980205,56.6584,54.400000000000006,53.300000000000004,55.50000000000001,0.5430528375733855,0.555,0.08802130373356727,55.15,75.3,35.0,0.5862646566164154,0.35,0.11254370898102516,0.7938022613525391
