domain,ap,auc,acc_0.5,r_acc_0.5,f_acc_0.5,prec_0.5,rec_0.5,mcc_0.5,acc_best,r_acc_best,f_acc_best,prec_best,rec_best,mcc_best,best_threshold
custom,91.61649301003787,91.93894999999999,73.1,97.6,48.6,0.9529411764705882,0.486,0.5299852138363074,83.75,83.1,84.39999999999999,0.8331688055281342,0.844,0.6750570447305214,0.055992964655160904
