domain,ap,auc,acc_0.5,r_acc_0.5,f_acc_0.5,prec_0.5,rec_0.5,mcc_0.5,acc_best,r_acc_best,f_acc_best,prec_best,rec_best,mcc_best,best_threshold
custom,90.6555256542838,91.0604,70.6,97.6,43.6,0.9478260869565217,0.436,0.4895059102174102,83.05,83.3,82.8,0.8321608040201005,0.828,0.6610082626549251,0.05787372216582298
