domain,ap,auc,acc_0.5,r_acc_0.5,f_acc_0.5,prec_0.5,rec_0.5,mcc_0.5,acc_best,r_acc_best,f_acc_best,prec_best,rec_best,mcc_best,best_threshold
custom,50.352390514655724,47.6127,50.3,96.89999999999999,3.6999999999999997,0.5441176470588235,0.037,0.016553629588077552,51.7,87.9,15.5,0.5615942028985508,0.155,0.04928965124543318,0.06745272129774094
