domain,ap,auc,acc_0.5,r_acc_0.5,f_acc_0.5,prec_0.5,rec_0.5,mcc_0.5,acc_best,r_acc_best,f_acc_best,prec_best,rec_best,mcc_best,best_threshold
custom,56.547697509375816,55.302099999999996,53.6,43.5,63.7,0.5299500831946755,0.637,0.07351548334037203,54.0,51.7,56.3,0.5382409177820268,0.563,0.0800847745609768,0.6275492906570435
