domain,ap,auc,acc_0.5,r_acc_0.5,f_acc_0.5,prec_0.5,rec_0.5,mcc_0.5,acc_best,r_acc_best,f_acc_best,prec_best,rec_best,mcc_best,best_threshold
custom,50.99086275875818,48.621700000000004,50.4,97.89999999999999,2.9000000000000004,0.58,0.029,0.025620504608813943,51.65,81.10000000000001,22.2,0.5401459854014599,0.222,0.04083486088036989,0.022532932460308075
