domain,ap,auc,acc_0.5,r_acc_0.5,f_acc_0.5,prec_0.5,rec_0.5,mcc_0.5,acc_best,r_acc_best,f_acc_best,prec_best,rec_best,mcc_best,best_threshold
custom,94.56634219041685,94.6318,80.5,97.2,63.800000000000004,0.9579579579579579,0.638,0.6471646780158014,87.55,84.7,90.4,0.8552507095553453,0.904,0.7522229804056783,0.07146626710891724
