domain,ap,auc,acc_0.5,r_acc_0.5,f_acc_0.5,prec_0.5,rec_0.5,mcc_0.5,acc_best,r_acc_best,f_acc_best,prec_best,rec_best,mcc_best,best_threshold
custom,94.8473006209822,94.96159999999999,81.5,97.2,65.8,0.9591836734693877,0.658,0.6635609328057132,88.14999999999999,86.2,90.10000000000001,0.8671799807507219,0.901,0.7635809242734247,0.09206285327672958
