domain,ap,auc,acc_0.5,r_acc_0.5,f_acc_0.5,prec_0.5,rec_0.5,mcc_0.5,acc_best,r_acc_best,f_acc_best,prec_best,rec_best,mcc_best,best_threshold
custom,57.32642826252958,57.79220000000001,51.0,97.89999999999999,4.1000000000000005,0.6612903225806451,0.041,0.05769753570144489,56.35,74.4,38.3,0.5993740219092332,0.383,0.1361834177348353,0.011847402900457382
