domain,ap,auc,acc_0.5,r_acc_0.5,f_acc_0.5,prec_0.5,rec_0.5,mcc_0.5,acc_best,r_acc_best,f_acc_best,prec_best,rec_best,mcc_best,best_threshold
custom,91.7904149521988,91.99410000000002,80.4,93.7,67.10000000000001,0.9141689373297003,0.671,0.6307230409132013,84.1,78.4,89.8,0.8061041292639138,0.898,0.6864753043422311,0.10978786647319794
