domain,ap,auc,acc_0.5,r_acc_0.5,f_acc_0.5,prec_0.5,rec_0.5,mcc_0.5,acc_best,r_acc_best,f_acc_best,prec_best,rec_best,mcc_best,best_threshold
custom,97.26397679841351,97.1821,89.7,95.89999999999999,83.5,0.9531963470319634,0.835,0.8001755807581231,91.0,92.2,89.8,0.9200819672131147,0.898,0.8202362620701148,0.3191312551498413
