domain,ap,auc,acc_0.5,r_acc_0.5,f_acc_0.5,prec_0.5,rec_0.5,mcc_0.5,acc_best,r_acc_best,f_acc_best,prec_best,rec_best,mcc_best,best_threshold
custom,89.79750804044377,90.5636,77.2,93.4,61.0,0.9023668639053254,0.61,0.5750181580798964,83.25,77.3,89.2,0.7971403038427167,0.892,0.6697591381910966,0.09738597273826599
