domain,ap,auc,acc_0.5,r_acc_0.5,f_acc_0.5,prec_0.5,rec_0.5,mcc_0.5,acc_best,r_acc_best,f_acc_best,prec_best,rec_best,mcc_best,best_threshold
custom,60.98894537578595,61.2938,52.2,97.89999999999999,6.5,0.7558139534883721,0.065,0.10845073111752244,58.099999999999994,63.9,52.300000000000004,0.5916289592760181,0.523,0.16310106044671802,0.00553126260638237
