domain,ap,auc,acc_0.5,r_acc_0.5,f_acc_0.5,prec_0.5,rec_0.5,mcc_0.5,acc_best,r_acc_best,f_acc_best,prec_best,rec_best,mcc_best,best_threshold
custom,51.92855370159367,50.0498,49.0,34.2,63.800000000000004,0.49228395061728397,0.638,-0.02093828781790025,52.1,93.10000000000001,11.1,0.6166666666666667,0.111,0.07337993857053428,0.9859561920166016
