domain,ap,auc,acc_0.5,r_acc_0.5,f_acc_0.5,prec_0.5,rec_0.5,mcc_0.5,acc_best,r_acc_best,f_acc_best,prec_best,rec_best,mcc_best,best_threshold
custom,65.74093223752658,66.42039999999999,62.050000000000004,72.39999999999999,51.7,0.6519546027742749,0.517,0.24633539239953603,62.150000000000006,73.1,51.2,0.6555697823303457,0.512,0.24904561754130167,0.5142084956169128
