domain,ap,auc,acc_0.5,r_acc_0.5,f_acc_0.5,prec_0.5,rec_0.5,mcc_0.5,acc_best,r_acc_best,f_acc_best,prec_best,rec_best,mcc_best,best_threshold
custom,84.3816841239128,84.04639999999999,63.24999999999999,97.89999999999999,28.599999999999998,0.9315960912052117,0.286,0.36757689692878653,76.9,78.2,75.6,0.7761806981519507,0.756,0.5381819362468753,0.0168034415692091
