domain,ap,auc,acc_0.5,r_acc_0.5,f_acc_0.5,prec_0.5,rec_0.5,mcc_0.5,acc_best,r_acc_best,f_acc_best,prec_best,rec_best,mcc_best,best_threshold
custom,90.01106824885214,90.7422,74.9,94.8,55.00000000000001,0.9136212624584718,0.55,0.5428470866825846,83.89999999999999,83.6,84.2,0.8369781312127237,0.842,0.6780122043295178,0.11161471158266068
