domain,ap,auc,acc_0.5,r_acc_0.5,f_acc_0.5,prec_0.5,rec_0.5,mcc_0.5,acc_best,r_acc_best,f_acc_best,prec_best,rec_best,mcc_best,best_threshold
custom,51.15705307361844,49.333400000000005,48.449999999999996,32.5,64.4,0.488248673237301,0.644,-0.032708885016341435,52.05,93.10000000000001,11.0,0.6145251396648045,0.11,0.07181288400352599,0.9857037663459778
