domain,ap,auc,acc_0.5,r_acc_0.5,f_acc_0.5,prec_0.5,rec_0.5,mcc_0.5,acc_best,r_acc_best,f_acc_best,prec_best,rec_best,mcc_best,best_threshold
custom,96.34916687043375,96.2175,83.6,98.1,69.1,0.9732394366197183,0.691,0.702174806973296,89.14999999999999,87.6,90.7,0.8797284190106692,0.907,0.7833765028861974,0.07997296005487442
