domain,ap,auc,acc_0.5,r_acc_0.5,f_acc_0.5,prec_0.5,rec_0.5,mcc_0.5,acc_best,r_acc_best,f_acc_best,prec_best,rec_best,mcc_best,best_threshold
custom,50.63341619320389,48.5006,48.1,40.2,56.00000000000001,0.4835924006908463,0.56,-0.03848338549323591,52.0,90.0,14.000000000000002,0.5833333333333334,0.14,0.06154574548966637,0.9662550687789917
