domain,ap,auc,acc_0.5,r_acc_0.5,f_acc_0.5,prec_0.5,rec_0.5,mcc_0.5,acc_best,r_acc_best,f_acc_best,prec_best,rec_best,mcc_best,best_threshold
custom,88.51359141557326,88.5383,73.7,94.8,52.6,0.9100346020761245,0.526,0.5228349657244464,79.7,76.8,82.6,0.780718336483932,0.826,0.5950016358368484,0.056213486939668655
