domain,ap,auc,acc_0.5,r_acc_0.5,f_acc_0.5,prec_0.5,rec_0.5,mcc_0.5,acc_best,r_acc_best,f_acc_best,prec_best,rec_best,mcc_best,best_threshold
custom,81.1135584185892,81.86720000000001,63.349999999999994,95.89999999999999,30.8,0.8825214899713467,0.308,0.3517426338435154,74.55000000000001,75.4,73.7,0.7497456765005086,0.737,0.4910709648820087,0.035691455006599426
