domain,ap,auc,acc_0.5,r_acc_0.5,f_acc_0.5,prec_0.5,rec_0.5,mcc_0.5,acc_best,r_acc_best,f_acc_best,prec_best,rec_best,mcc_best,best_threshold
custom,72.24244930866297,70.5385,62.949999999999996,85.5,40.400000000000006,0.7358834244080146,0.404,0.2901882915468799,65.60000000000001,71.39999999999999,59.8,0.6764705882352942,0.598,0.3141205608603458,0.19972199201583862
