domain,ap,auc,acc_0.5,r_acc_0.5,f_acc_0.5,prec_0.5,rec_0.5,mcc_0.5,acc_best,r_acc_best,f_acc_best,prec_best,rec_best,mcc_best,best_threshold
custom,72.58516522930789,70.9222,63.0,87.3,38.7,0.7529182879377432,0.387,0.2974968583111385,65.95,71.8,60.099999999999994,0.6806342015855039,0.601,0.32120607069169105,0.17814069986343384
