domain,ap,auc,acc_0.5,r_acc_0.5,f_acc_0.5,prec_0.5,rec_0.5,mcc_0.5,acc_best,r_acc_best,f_acc_best,prec_best,rec_best,mcc_best,best_threshold
custom,96.7243467523081,96.65859999999999,89.95,93.7,86.2,0.9318918918918919,0.862,0.8012567124811125,90.9,90.0,91.8,0.9017681728880157,0.918,0.8181325482100849,0.3238898813724518
