domain,ap,auc,acc_0.5,r_acc_0.5,f_acc_0.5,prec_0.5,rec_0.5,mcc_0.5,acc_best,r_acc_best,f_acc_best,prec_best,rec_best,mcc_best,best_threshold
custom,74.16554213572036,74.8838,64.25,87.3,41.199999999999996,0.764378478664193,0.412,0.32116289899737116,68.8,71.5,66.10000000000001,0.6987315010570825,0.661,0.37654940985175117,0.1747806966304779
