domain,ap,auc,acc_0.5,r_acc_0.5,f_acc_0.5,prec_0.5,rec_0.5,mcc_0.5,acc_best,r_acc_best,f_acc_best,prec_best,rec_best,mcc_best,best_threshold
custom,91.42558236167521,91.9696,71.7,97.6,45.800000000000004,0.950207468879668,0.458,0.5073764723639954,84.35000000000001,85.2,83.5,0.8494404883011191,0.835,0.687099293022281,0.0729249119758606
