domain,ap,auc,acc_0.5,r_acc_0.5,f_acc_0.5,prec_0.5,rec_0.5,mcc_0.5,acc_best,r_acc_best,f_acc_best,prec_best,rec_best,mcc_best,best_threshold
custom,94.33906048677746,94.5931,78.85,97.89999999999999,59.8,0.9660743134087237,0.598,0.6240704935636368,87.55,86.5,88.6,0.8677766895200784,0.886,0.7511656502908477,0.07852285355329514
