domain,ap,auc,acc_0.5,r_acc_0.5,f_acc_0.5,prec_0.5,rec_0.5,mcc_0.5,acc_best,r_acc_best,f_acc_best,prec_best,rec_best,mcc_best,best_threshold
custom,98.59087035155149,98.55130000000001,92.0,97.6,86.4,0.972972972972973,0.864,0.8453185697402235,93.75,93.5,94.0,0.9353233830845771,0.94,0.8750109377050824,0.2221948206424713
